date,n_components,train_start,train_end,train_observations,log_likelihood,converged,current_regime,current_regime_label,current_regime_probability,next_regime,next_regime_label,next_regime_probability,error,current_prob_regime_0,current_prob_regime_1,current_prob_regime_2,current_prob_regime_3,next_prob_regime_0,next_prob_regime_1,next_prob_regime_2,next_prob_regime_3
2010-12-31,4,2008-01-02,2010-12-31,757,3634.0464614122584,True,1,risk_on,1.0,1,risk_on,0.9967320077867633,,5.596822434787983e-79,1.0,0.0,5.330343583234671e-102,0.0032679922132367407,0.9967320077867633,6.044686801861108e-104,7.186052342457963e-52
2011-01-31,4,2008-01-02,2011-01-31,777,3713.2403877453507,True,3,risk_on,1.0,3,risk_on,0.9970948746414449,,0.0,6.807464529830977e-61,1.0526820160116042e-211,1.0,2.4520470042276218e-138,0.002905125358555214,2.7253733070336153e-63,0.9970948746414449
2011-02-28,4,2008-01-02,2011-02-28,796,3633.1496205242697,True,0,risk_on,0.9999999999427018,0,risk_on,0.9969961763009384,,0.9999999999427018,5.708255401205083e-11,0.0,0.0,0.9969961763009384,0.0030038236986491065,6.403977646837305e-83,1.967757701426006e-13
2011-03-31,4,2008-01-02,2011-03-31,819,4047.6893513228906,True,3,risk_on,1.0,3,risk_on,0.9969395804016455,,9.949601764651293e-24,6.472925949236755e-169,2.0448182663322823e-174,1.0,0.0030604195983544255,8.844606446230204e-44,3.6705717874660075e-26,0.9969395804016455
2011-04-29,4,2008-01-02,2011-04-29,839,3497.957343502359,True,1,risk_on,1.0,1,risk_on,0.9971681840307018,,0.0,1.0,5.805076307791905e-29,2.52306592812521e-146,1.9420235443734108e-56,0.9971681840307018,0.0028318159692982503,1.916690987391766e-31
2011-05-31,4,2008-01-02,2011-05-31,860,3772.5893878622765,True,1,risk_on,1.0,1,risk_on,0.9976640757767752,,5.009125766277234e-232,1.0,1.4696435149932809e-27,0.0,1.4144623257497698e-29,0.9976640757767752,0.002335924223224754,2.828923683572759e-29
2011-06-30,4,2008-01-02,2011-06-30,882,3479.827272457292,True,0,risk_on,0.999999806862907,0,risk_on,0.9928910470862,,0.999999806862907,1.0290035646300555e-132,1.4422653700505655e-196,1.93137203925943e-07,0.9928910470862,8.819836649252813e-10,1.5132408217144525e-134,0.007108952031927242
2011-07-29,4,2008-01-02,2011-07-29,902,3712.7907684150573,True,0,risk_on,1.0,0,risk_on,0.9929053419203715,,1.0,6.566512517125212e-19,1.058032936465815e-212,5.206369733643472e-23,0.9929053419203715,0.002364596607264944,4.863581471508433e-25,0.00473006147236348
2011-08-31,4,2008-01-02,2011-08-31,925,4052.122411250853,True,3,recovery_or_normalization,1.0,3,recovery_or_normalization,0.9933959304823152,,7.585085078878431e-285,5.8028532084306244e-182,3.539706174463266e-53,1.0,1.0180444148359616e-183,0.0033020330215912763,0.0033020364960935577,0.9933959304823152
2011-09-30,4,2008-01-02,2011-09-30,946,3522.801103189313,True,3,defensive_risk_off,1.0,3,defensive_risk_off,0.9795898401479635,,4.433844366269635e-169,3.7749236848810156e-243,3.7339522248231996e-151,1.0,0.02041015985203653,1.135215749992281e-153,4.964349024622868e-117,0.9795898401479635
2011-10-31,4,2008-01-02,2011-10-31,967,3697.818711821853,True,1,recovery_or_normalization,1.0,1,recovery_or_normalization,0.9941387141191187,,2.916860672364768e-26,1.0,8.488809230683605e-160,1.0788899401697937e-118,0.002930663070292289,0.9941387141191187,1.8927893513413633e-120,0.002930622810588955
2011-11-30,4,2008-01-02,2011-11-30,988,3323.8737582403546,True,1,recovery_or_normalization,1.0,1,recovery_or_normalization,0.9945865583914274,,1.542174949469322e-26,1.0,0.0,1.5e-323,0.0027067234758137897,0.9945865583914274,1.810222199536867e-261,0.0027067181327587115
2011-12-30,4,2008-01-02,2011-12-30,1009,3470.700433468004,True,2,recovery_or_normalization,1.0,2,recovery_or_normalization,0.9946834848532283,,1.2675580649032106e-41,6.633736245502553e-31,1.0,4.7743156962157e-61,0.0026582574430498856,0.0026582577037217543,0.9946834848532283,3.2125658122854134e-43
2012-01-31,4,2008-01-02,2012-01-31,1029,2893.907833280985,True,2,risk_on,1.0,2,risk_on,0.9936620011626164,,1.0668092264927756e-192,4.431335152668911e-17,1.0,1.0142823828370624e-122,2.5254471672452054e-108,0.00633799883738364,0.9936620011626164,1.3651098403609332e-19
2012-02-29,4,2008-01-02,2012-02-29,1049,2303.5790768252023,True,0,risk_on,1.0,0,risk_on,0.9845289115153072,,1.0,1.1541153311909755e-21,2.4778998744070964e-227,2.620611376228408e-81,0.9845289115153072,0.015471088484692913,6.718815480418216e-83,2.363188447625969e-24
2012-03-30,4,2008-01-02,2012-03-30,1071,2946.935724318756,True,0,risk_on,1.0,0,risk_on,0.9934533662920376,,1.0,1.9911359200285355e-29,8.145404816823554e-178,0.0,0.9934533662920376,0.006546633707962425,3.8765662158889554e-147,5.414450469321074e-32
2012-04-30,4,2008-01-02,2012-04-30,1091,3049.033374534334,True,1,risk_on,1.0,1,risk_on,0.995584209702683,,2.6786381112650044e-121,1.0,1.4429175023737608e-86,1.1521857865895515e-23,3.654455072159664e-88,0.995584209702683,3.0634153727644297e-26,0.0044157902973169716
2012-05-31,4,2008-01-02,2012-05-31,1113,2433.883845216564,True,0,recovery_or_normalization,1.0,0,recovery_or_normalization,0.9958473124005104,,1.0,3.6452575295686092e-96,2.644658432225149e-68,0.0,0.9958473124005104,0.0020763443622349924,0.0020763432372546647,6.079695437554597e-70
2012-06-29,4,2008-01-02,2012-06-29,1134,2472.9094509414126,True,3,recovery_or_normalization,1.0,3,recovery_or_normalization,0.9899215871095086,,1.8925826183095576e-40,4.241072067708379e-118,9.02735361225538e-44,1.0,0.007558837056321538,2.2020551172928703e-45,0.0025195758341698027,0.9899215871095086
2012-07-31,4,2008-01-02,2012-07-31,1155,2158.1097434532835,True,1,risk_on,1.0,1,risk_on,0.9946954231454248,,3.1797942603080756e-229,1.0,1.1324196450057095e-72,5.629524012857802e-20,2.8947449160641315e-74,0.9946954231454248,1.5901798759223761e-22,0.005304576854575278
2012-08-31,4,2008-01-02,2012-08-31,1178,2226.60211403605,True,0,recovery_or_normalization,1.0,0,recovery_or_normalization,0.9942992440344013,,1.0,2.0338526223482727e-13,1.232019254553561e-64,2.904129653179417e-177,0.9942992440344013,0.005700755965801716,3.479020861280325e-16,3.005025547524198e-66
2012-09-28,4,2008-01-02,2012-09-28,1197,2647.8662068855424,True,3,recovery_or_normalization,1.0,3,recovery_or_normalization,0.997362978958382,,8.171817315014126e-17,7.875917760680535e-61,4.117795522163006e-136,1.0,0.002637021041618056,1.444436791566862e-19,1.993833611388788e-62,0.997362978958382
2012-10-31,4,2008-01-02,2012-10-31,1218,2425.241731589708,True,1,risk_on,1.0,1,risk_on,0.9950103552461298,,5.579665361829615e-23,1.0,4.001237384160356e-208,3.748405903759072e-247,0.004989644753870183,0.9950103552461298,1.5297083438611569e-25,1.1271865846850577e-209
2012-11-30,4,2008-01-02,2012-11-30,1239,1735.8651526000333,True,3,risk_on,1.0,3,risk_on,0.9873963178255075,,4.406677803285736e-19,2.831640715421737e-101,8.431244050253311e-38,1.0,0.011029981398572,2.134387537276005e-39,0.0015737007759204103,0.9873963178255075
2012-12-31,4,2008-01-02,2012-12-31,1259,2038.7649922676476,True,1,risk_on,0.9999967069897698,1,risk_on,0.992062099848893,,3.293010135376091e-06,0.9999967069897698,3.325971455934516e-42,1.052416454608402e-84,0.007937893428827815,0.992062099848893,6.722184222455322e-09,7.636609134936402e-44
2013-01-31,4,2008-01-31,2013-01-31,1260,2191.7979667330587,True,1,risk_on,0.9999994241781517,1,risk_on,0.9923981040150633,,5.758219143550177e-07,0.9999994241781517,4.850876817618644e-46,2.1352168488387195e-91,0.007601894756605192,0.9923981040150633,1.2283973849318904e-09,1.1026895184834164e-47
2013-02-28,4,2008-02-28,2013-02-28,1260,2226.434286415617,True,0,risk_on,0.9999986922179598,0,risk_on,0.9926506059568264,,0.9999986922179598,1.3077818936732864e-06,2.381210434090982e-167,9.809202927377464e-122,0.9926506059568264,0.007349391203813348,2.5814573151290745e-123,2.8392137385130497e-09
2013-03-28,4,2008-03-28,2013-03-28,1260,2029.5278482180065,True,2,recovery_or_normalization,0.9999999999995453,2,recovery_or_normalization,0.9917821551649296,,6.83419953758816e-122,4.384594693545911e-13,0.9999999999995453,0.0,0.0016435200856680847,0.006574324749385955,0.9917821551649296,1.6880698923244766e-123
2013-04-30,4,2008-04-30,2013-04-30,1259,2744.659658879182,True,0,risk_on,0.9999996818124197,0,risk_on,0.9932511280425292,,0.9999996818124197,8.45316761731113e-111,1.512879971113207e-49,3.1818741946310026e-07,0.9932511280425292,3.4001073380718216e-51,7.930668019538463e-10,0.006748871164243215
2013-05-31,4,2008-06-02,2013-05-31,1259,2832.359171346724,True,1,risk_on,1.0,1,risk_on,0.9933352541162606,,7.363491006508032e-14,1.0,2.982613083108609e-29,9.160356786724326e-70,0.006664745883812682,0.9933352541162606,4.198272112682737e-16,4.588810039828454e-31
2013-06-28,4,2008-06-30,2013-06-28,1259,2991.6787037989066,True,3,inflation_rates_shock,0.9999999183223769,3,inflation_rates_shock,0.9921191402148365,,4.843162209006081e-302,8.167778459362532e-08,0.0,0.9999999183223769,0.0019701317923483844,0.005910727992976565,1.4037524877271296e-303,0.9921191402148365
2013-07-31,4,2008-07-31,2013-07-31,1259,2946.9296270119667,True,0,risk_on,1.0,0,risk_on,0.9911245508045865,,1.0,2.709507811001468e-141,4.8768900792349286e-192,2.134389837823536e-62,0.9911245508045865,1.7365622896445076e-64,4.638204296928354e-143,0.008875449195413483
2013-08-30,4,2008-09-02,2013-08-30,1259,3236.1858782723184,True,0,risk_on,1.0,0,risk_on,0.9913073592628392,,1.0,0.0,0.0,2.1923533820948004e-25,0.9913073592628392,0.0,0.0,0.008692640737160705
2013-09-30,4,2008-09-30,2013-09-30,1259,3791.0168863296144,True,1,risk_on,1.0,1,risk_on,0.9962285468639176,,1.2933581009938525e-261,1.0,1.5699731829509655e-26,0.0,6.382032467672998e-198,0.9962285468639176,0.003771453136082501,7.389349411282e-264
2013-10-31,4,2008-10-31,2013-10-31,1259,2768.2826340440715,True,1,risk_on,1.0,1,risk_on,0.9959479947152707,,2.757156377964374e-159,1.0,0.0,0.0,0.004052005284729245,0.9959479947152707,1.1131049249861639e-161,2.0852356962805685e-244
2013-11-29,4,2008-12-01,2013-11-29,1259,2471.254147656878,True,1,risk_on,1.0,1,risk_on,0.9954423000450664,,5.032791299537646e-49,1.0,0.0,0.0,0.004557699954933589,0.9954423000450664,0.0,0.0
2013-12-31,4,2008-12-31,2013-12-31,1259,1134.8874256790232,True,1,risk_on,1.0,1,risk_on,0.9899801526374508,,5.12990504e-316,1.0,6.958954696656568e-30,0.0,1.6187492306876118e-241,0.9899801526374508,0.010019847362549262,2.0480165851571127e-32
2014-01-31,4,2009-02-02,2014-01-31,1259,1462.7070707411297,True,1,risk_on,1.0,1,risk_on,0.9966175118016478,,8.405654678394664e-89,1.0,1.251060308595e-312,1.0407576511904843e-46,1.5168327929040063e-48,0.9966175118016478,5.8687845728379405e-269,0.0033824881983521003
2014-02-28,4,2009-03-02,2014-02-28,1259,798.2581312630758,True,0,inflation_rates_shock,1.0,0,inflation_rates_shock,0.996154750521953,,1.0,1.2857741694922354e-37,1.0112873230302359e-57,2.7178200071358525e-64,0.996154750521953,0.0038452494780470713,3.017887809534186e-39,1.509608594112672e-39
2014-03-31,4,2009-03-31,2014-03-31,1259,743.2054560092066,True,1,inflation_rates_shock,1.0,1,inflation_rates_shock,0.9963062199246103,,1.4427649063127902e-70,1.0,0.0,2.6090743934801726e-47,3.780984579686293e-49,0.9963062199246103,0.0,0.0036937800753896366
2014-04-30,4,2009-04-30,2014-04-30,1259,-545.7857633088609,True,0,risk_on,1.0,0,risk_on,0.996172694322461,,1.0,3.1563643492896645e-62,4.370772518801062e-16,1.5172450326594366e-81,0.996172694322461,0.0019126045818722,0.001914701095667156,3.5430843564693275e-64
2014-05-30,4,2009-06-01,2014-05-30,1259,-1187.4898306446821,True,0,risk_on,1.0,0,risk_on,0.9966215411628436,,1.0,1.6262889064707671e-142,8.682690536834269e-207,6.600514418755822e-147,0.9966215411628436,0.0033784588371564457,9.794395007239548e-145,3.1318702685800237e-117
2014-06-30,4,2009-06-30,2014-06-30,1259,-2754.636119691676,True,2,risk_on,1.0,2,risk_on,0.992443129347299,,1.4789181657076133e-94,4.494629324699518e-117,1.0,4.124067885907358e-28,0.003018921387842574,1.5195548150617044e-30,0.992443129347299,0.00453794926485847
2014-07-31,4,2009-07-31,2014-07-31,1259,-2495.1926898279553,True,1,risk_on,1.0,1,risk_on,0.9939838540127244,,7.466635915997838e-121,1.0,6.779493810861391e-89,1.4226635829891487e-16,8.95619829082974e-19,0.9939838540127244,4.478893771714993e-19,0.00601614598727578
2014-08-29,4,2009-08-31,2014-08-29,1259,-2613.2228520014696,True,1,inflation_rates_shock,1.0,1,inflation_rates_shock,0.9872389227239275,,6.439263093806404e-23,1.0,1.799584022534084e-79,1.2368966055631605e-73,0.006380629064507408,0.9872389227239275,0.004253600222936958,0.0021268479886279836
2014-09-30,4,2009-09-30,2014-09-30,1259,-2427.688558553354,True,2,risk_on,0.9999999357742148,2,risk_on,0.9838394907497795,,6.422564769263557e-08,5.0125192838760645e-110,0.9999999357742148,5.172259780223905e-291,0.01616050876106296,1.630066776206588e-10,0.9838394907497795,3.260133403197746e-10
2014-10-31,4,2009-11-02,2014-10-31,1259,-2116.151913209648,True,1,inflation_rates_shock,0.9999999999968168,1,inflation_rates_shock,0.98519421860432,,3.389211273796331e-12,0.9999999999968168,2.684091122914358e-24,9.051452267104236e-109,0.01184602635115939,0.98519421860432,8.683895775081321e-15,0.0029597550447179244
2014-11-28,4,2009-11-30,2014-11-28,1259,-1925.8856428080196,True,1,inflation_rates_shock,1.0,1,inflation_rates_shock,0.9810459227884677,,7.707876777461515e-51,1.0,6.396475542886399e-60,1.1260078692036074e-15,0.004737429380881594,0.9810459227884677,0.004737346239204861,0.009479301591447001
2014-12-31,4,2009-12-31,2014-12-31,1259,-2047.4125817283382,True,2,inflation_rates_shock,1.0,2,inflation_rates_shock,0.9800676979501414,,2.489983596995149e-24,1.7108098429944266e-52,1.0,4.3219540102452135e-19,0.0033216324296714917,0.0033217429064298677,0.9800676979501414,0.013288926713757298
2015-01-30,4,2010-02-01,2015-01-30,1259,-2063.9819333503046,True,3,inflation_rates_shock,1.0,3,inflation_rates_shock,0.97489241834167,,6.409934130419742e-208,2.8259524291457697e-19,7.484732675871165e-108,1.0,0.008367667738434859,0.01673991391989511,5.778525453824398e-22,0.97489241834167
2015-02-27,4,2010-03-01,2015-02-27,1259,-1906.7827767587826,True,1,recovery_or_normalization,1.0,1,recovery_or_normalization,0.9800009582079349,,5.0995469667047923e-42,1.0,5.442190695990215e-87,1.5323481314762962e-20,0.003332873420599698,0.9800009582079349,0.006666964117067004,0.009999204254398451
2015-03-31,4,2010-03-31,2015-03-31,1259,-1924.7013343114902,True,0,inflation_rates_shock,1.0,0,inflation_rates_shock,0.9878637235074226,,1.0,1.5712604147968197e-37,5.191259417773607e-23,8.448524253569885e-135,0.9878637235074226,5.193580597933233e-25,0.0060681453460846475,0.006068131146492813
2015-04-30,4,2010-04-30,2015-04-30,1259,-1880.6146792689703,True,0,inflation_rates_shock,1.0,0,inflation_rates_shock,0.9900778054419557,,1.0,1.017532726273258e-42,1.0043922018182067e-70,5.075306768510366e-20,0.9900778054419557,0.004961135698314264,0.0024805036778186695,0.002480555181911422
2015-05-29,4,2010-06-01,2015-05-29,1258,-2490.1395818505002,True,1,risk_on,1.0,1,risk_on,0.9890173659102716,,2.986814524884182e-186,1.0,6.3460710079654e-125,2.1368445057609039e-19,7.847889762592754e-22,0.9890173659102716,7.847855324572641e-22,0.010982634089728344
2015-06-30,4,2010-06-30,2015-06-30,1259,-2228.0381310889493,True,3,risk_on,0.9999999306173801,3,risk_on,0.990867662868735,,3.1184312482877523e-58,6.938271556175118e-08,1.3164227396795159e-37,0.9999999306173801,2.2551565572686098e-39,0.009132336947377459,1.8398330076207288e-10,0.990867662868735
2015-07-31,4,2010-08-02,2015-07-31,1259,-2709.571459006838,True,3,inflation_rates_shock,0.9999999999772626,3,inflation_rates_shock,0.972552014422947,,7.81534079380221e-88,2.291669686686291e-11,1.3602856509202806e-53,0.9999999999772626,0.003920186942924836,0.019605846016915462,0.003921952617391951,0.972552014422947
2015-08-31,4,2010-08-31,2015-08-31,1259,-2548.091714058749,True,3,defensive_risk_off,1.0,3,defensive_risk_off,0.9818199019288113,,2.0597782177248055e-86,9.150869216403328e-121,1.0814659827988497e-76,1.0,0.018180098071188713,3.694147979545412e-79,2.4063527360023722e-67,0.9818199019288113
2015-09-30,4,2010-09-30,2015-09-30,1259,-2538.4566275596726,True,2,defensive_risk_off,1.0,2,defensive_risk_off,0.9868528237563864,,2.3625642481484242e-34,6.01485637432401e-68,1.0,3.893214945583967e-53,0.013147176243613745,9.774209424247477e-37,0.9868528237563864,2.9285768645714688e-36
2015-10-30,4,2010-11-01,2015-10-30,1259,-2827.8914674093417,True,0,recovery_or_normalization,1.0,0,recovery_or_normalization,0.9906993008070047,,1.0,1.219305272952942e-21,5.821846309035519e-15,3.875446015784734e-193,0.9906993008070047,0.004653093161882446,0.004647606031118572,1.6216706271244025e-24
2015-11-30,4,2010-11-30,2015-11-30,1259,-2413.855444671645,True,3,recovery_or_normalization,0.9999999999995453,3,recovery_or_normalization,0.9769221445960942,,6.251413313178711e-25,3.3863099409116577e-13,1.6342543931850576e-49,0.9999999999995453,0.01154325113763877,0.011534604266150869,1.228826018235132e-26,0.9769221445960942
2015-12-31,4,2010-12-31,2015-12-31,1259,-2620.3411923875133,True,1,recovery_or_normalization,1.0,1,recovery_or_normalization,0.9871147881651947,,1.5999003267605822e-33,1.0,1.1216022536954394e-44,2.4927262999741387e-14,3.753938933697531e-16,0.9871147881651947,0.006442620110182424,0.006442591724647404
2016-01-29,4,2011-01-31,2016-01-29,1258,-2355.9940679417978,True,3,defensive_risk_off,0.9999999944930096,3,defensive_risk_off,0.9727160187499031,,1.730094258975005e-39,4.151642279845532e-47,5.507199899706066e-09,0.9999999944930096,1.951051388506354e-11,1.9510513884865097e-11,0.027283981211285373,0.9727160187499031
2016-02-29,4,2011-02-28,2016-02-29,1259,-2339.1897864058947,True,2,defensive_risk_off,1.0,2,defensive_risk_off,0.9767347578854326,,2.2407171922421627e-71,4.404073650001814e-53,1.0,6.1358001536855366e-18,2.5614235260864084e-20,2.5614629814297947e-20,0.9767347578854326,0.023265242114567406
2016-03-31,4,2011-03-31,2016-03-31,1258,-1903.629409395297,True,3,recovery_or_normalization,1.0,3,recovery_or_normalization,0.9878215398952845,,8.424194600520442e-110,1.0673028813606348e-22,4.50109259245279e-30,1.0,0.004059111247519326,0.004059111201024771,0.0040602376561713095,0.9878215398952845
2016-04-29,4,2011-04-29,2016-04-29,1259,-2145.8671735533203,True,0,inflation_rates_shock,1.0,0,inflation_rates_shock,0.9862367316028718,,1.0,9.54969079559558e-38,5.032793100934774e-22,3.137985465997687e-31,0.9862367316028718,0.005505868582543726,0.0027524604393375837,0.005504939375246844
2016-05-31,4,2011-05-31,2016-05-31,1259,-1872.1395277397244,True,0,recovery_or_normalization,0.999999866602602,0,recovery_or_normalization,0.9875926191174254,,0.999999866602602,1.3339598093667512e-07,9.629025193399666e-42,1.4382993166371297e-12,0.9875926191174254,0.006175875875934623,0.003143663866000509,0.003087841140660586
2016-06-30,4,2011-06-30,2016-06-30,1259,-2025.4866633672987,True,1,inflation_rates_shock,0.999999999994543,1,inflation_rates_shock,0.9902088199809864,,1.5595510138442018e-30,0.999999999994543,2.063092506355527e-57,5.550036211331883e-12,5.769895132851922e-17,0.9902088199809864,0.0038961212758550435,0.005895058743251387
2016-07-29,4,2011-07-29,2016-07-29,1259,-2186.321875583099,True,1,recovery_or_normalization,1.0,1,recovery_or_normalization,0.9864756903752988,,3.30258365790031e-38,1.0,7.89920770721851e-83,4.6154525097695485e-15,9.17290907947761e-17,0.9864756903752988,0.009028898126301324,0.004495411498404323
2016-08-31,4,2011-08-31,2016-08-31,1259,-2978.3131569199777,True,1,inflation_rates_shock,1.0,1,inflation_rates_shock,0.9874526119147536,,2.9138285399725314e-14,1.0,9.792284802821183e-72,2.371105295686045e-125,0.00836568014895537,0.9874526119147536,0.004181707936320078,1.012135603397752e-73
2016-09-30,4,2011-09-30,2016-09-30,1259,-3247.1706450455004,True,1,inflation_rates_shock,0.9999999999972715,1,inflation_rates_shock,0.9863820508658249,,2.564174666725702e-12,0.9999999999972715,1.503539630103849e-103,4.545276677637321e-51,0.009079684254456325,0.9863820508658249,0.0022690956994557516,0.002269169180098668
2016-10-31,4,2011-10-31,2016-10-31,1259,-3679.801316265841,True,0,risk_on,1.0,0,risk_on,0.9929596421423157,,1.0,1.624682067483564e-13,5.727361223235627e-165,1.8191043899869762e-63,0.9929596421423157,0.007040357857846019,4.105317371299411e-16,4.1054781899531063e-16
2016-11-30,4,2011-11-30,2016-11-30,1259,-4479.923156293349,True,1,inflation_rates_shock,0.9999986374905535,1,inflation_rates_shock,0.9863281924113323,,1.407046740668153e-44,0.9999986374905535,1.3625090382421816e-06,5.930254137586846e-66,1.033330007339392e-08,0.9863281924113323,0.013671797254959497,3.2321959571364953e-46
2016-12-30,4,2011-12-30,2016-12-30,1259,-4703.277727145181,True,1,inflation_rates_shock,0.9999999999863576,1,inflation_rates_shock,0.985369485807843,,1.910827396273804e-51,0.9999999999863576,1.3853530159866126e-11,8.796122523104206e-30,2.5054871446184914e-14,0.985369485807843,0.014630514192267796,7.515418279904865e-14
2017-01-31,4,2012-01-31,2017-01-31,1259,-4367.295232000586,True,1,risk_on,0.999981385499716,1,risk_on,0.9869888614217595,,1.8614500111562658e-05,0.999981385499716,6.630411518155594e-136,1.0297112844478782e-80,0.013011067592037245,0.9869888614217595,2.2550976794514946e-82,7.09860309395161e-08
2017-02-28,4,2012-02-28,2017-02-28,1259,-4357.40905285541,True,3,risk_on,1.0,3,risk_on,0.9838455646370262,,2.2368842077400863e-42,1.5086852342571784e-20,3.088081238336483e-19,1.0,5.567551896542923e-21,0.009692678764738822,0.006461756598234995,0.9838455646370262
2017-03-31,4,2012-04-02,2017-03-31,1258,-4333.084391970104,True,1,inflation_rates_shock,0.9999999999990905,1,inflation_rates_shock,0.9961250115036512,,6.20482547402789e-25,0.9999999999990905,4.911790517352147e-13,7.455954919831748e-26,8.794288884573742e-15,0.9961250115036512,0.0019374905891355238,0.0019374979067863364
2017-04-28,4,2012-04-30,2017-04-28,1258,-4043.2021580284104,True,1,risk_on,1.0,1,risk_on,0.9960997041375681,,4.524105440627553e-38,1.0,2.9731436444996246e-25,3.337971332961267e-67,8.040364557985001e-27,0.9960997041375681,0.0019501340379816333,0.0019501618244503072
2017-05-31,4,2012-05-31,2017-05-31,1258,-4325.112670821935,True,0,risk_on,1.0,0,risk_on,0.9954616999666556,,1.0,3.4491099368099287e-128,4.261267544175392e-229,3.132801153395878e-135,0.9954616999666556,0.0030255779510502422,0.0015127220822942857,4.227842105238786e-130
2017-06-30,4,2012-07-02,2017-06-30,1258,-3785.2861861368956,True,1,risk_on,1.0,1,risk_on,0.9925174530617987,,7.754830858828496e-35,1.0,4.777011463486434e-70,1.3684106825638574e-50,0.0024940480367033548,0.9925174530617987,1.3641090096620031e-36,0.0049884989014978495
2017-07-31,4,2012-07-31,2017-07-31,1258,-4321.918680242949,True,0,risk_on,1.0,0,risk_on,0.9919667303647876,,1.0,4.6534120254357926e-61,1.8581818132334252e-74,2.1017284595273338e-215,0.9919667303647876,0.00803326963521244,1.5031824699768043e-49,2.4149610600178065e-63
2017-08-31,4,2012-08-31,2017-08-31,1258,-4233.045931007728,True,1,risk_on,1.0,1,risk_on,0.9928341071456652,,1.0634050108397578e-15,1.0,3.5018503396631723e-153,1.0992419393864754e-24,0.0023886291722539977,0.9928341071456652,0.002388625549530845,0.002388638132551013
2017-09-29,4,2012-10-01,2017-09-29,1258,-3777.0371733493794,True,2,risk_on,1.0,2,risk_on,0.9915970340078462,,2.135720615978217e-78,1.1126960318421686e-48,1.0,1.5407097058415676e-107,0.0021006701336288075,0.006302295858525082,0.9915970340078462,3.418426578190101e-80
2017-10-31,4,2012-10-31,2017-10-31,1260,-3414.7928219977994,True,1,risk_on,1.0,1,risk_on,0.9936153281026354,,1.2976954875277742e-153,1.0,4.140388315090398e-184,2.9981169402269558e-52,4.4831404383158847e-54,0.9936153281026354,1.1206725279447679e-54,0.006384671897364576
2017-11-30,4,2012-11-30,2017-11-30,1260,-3521.799875928759,True,1,risk_on,1.0,1,risk_on,0.9942103288213032,,4.87553727792035e-76,1.0,1.587301526046279e-182,8.667412145332773e-90,0.001903823878157187,0.9942103288213032,0.001955900521009678,0.00192994677952984
2017-12-29,4,2012-12-31,2017-12-29,1260,-2794.3033253779736,True,1,risk_on,1.0,1,risk_on,0.9935049377039679,,7.812325514213438e-145,1.0,3.1661904311228253e-267,8.45653024685103e-58,7.870078222803703e-60,0.9935049377039679,2.622994108564879e-60,0.006495062296032127
2018-01-31,4,2013-01-31,2018-01-31,1260,-3000.4889298926328,True,0,risk_on,1.0,0,risk_on,0.9929351984944476,,1.0,1.2821854570944205e-69,0.0,2.513965373761059e-163,0.9929351984944476,0.007064801505552416,3.189106384890997e-72,1.2767572359187212e-71
2018-02-28,4,2013-02-28,2018-02-28,1260,-3607.9018317135815,True,3,defensive_risk_off,1.0,3,defensive_risk_off,0.9685596679771608,,1.3663098611892858e-170,7.827836535409241e-38,1.9929373838128966e-168,1.0,3.968182041400636e-40,0.018897817759274127,0.012542514263565162,0.9685596679771608
2018-03-29,4,2013-04-01,2018-03-29,1260,-3891.400838893816,True,3,defensive_risk_off,1.0,3,defensive_risk_off,0.9883032059637777,,2.0626363279065908e-102,0.0,2.3177368905819623e-143,1.0,0.005848397017941614,0.005848397018280671,2.164670127880079e-104,0.9883032059637777
2018-04-30,4,2013-04-30,2018-04-30,1260,-3276.374257044287,True,1,defensive_risk_off,1.0,1,defensive_risk_off,0.9851864591585473,,2.4996653542043676e-149,1.0,2.2648963335920228e-213,4.164076272231411e-67,0.009884307837699226,0.9851864591585473,1.037779620804705e-68,0.004929233003753545
2018-05-31,4,2013-05-31,2018-05-31,1260,-3399.2643417636395,True,1,defensive_risk_off,1.0,1,defensive_risk_off,0.988002104649855,,1.3363291681594947e-81,1.0,1.3593880423470196e-141,1.953492888240599e-16,0.003999181017142387,0.988002104649855,3.449323142897274e-83,0.007998714333002694
2018-06-29,4,2013-07-01,2018-06-29,1260,-3376.7229899745444,True,0,inflation_rates_shock,1.0,0,inflation_rates_shock,0.9893042317440888,,1.0,3.585608615585948e-176,3.137774650947945e-26,1.300960117318335e-283,0.9893042317440888,0.005346897747461319,0.005348870508449883,7.479328558244122e-178
2018-07-31,4,2013-07-31,2018-07-31,1260,-3709.2040536788527,True,0,inflation_rates_shock,1.0,0,inflation_rates_shock,0.9676909826632036,,1.0,6.314155096748179e-21,9.410984943582603e-14,3.3383478513695924e-23,0.9676909826632036,0.005384414494140431,0.01076885508197912,0.016155747760770868
2018-08-31,4,2013-09-03,2018-08-31,1260,-3433.265813983877,True,3,risk_on,0.9999999999995453,3,risk_on,0.9884556520846717,,1.5679568807364293e-43,4.720762580724511e-13,5.932240137102691e-163,0.9999999999995453,3.8884810478442706e-15,0.00962055768905392,0.0019237902262878367,0.9884556520846717
2018-09-28,4,2013-09-30,2018-09-28,1260,-3421.5964792645077,True,0,risk_on,1.0,0,risk_on,0.9921204049359703,,1.0,7.210547395550927e-18,2.2729084524205637e-60,5.86787005452535e-114,0.9921204049359703,0.005909752949910679,3.2787558309925915e-20,0.001969842114119063
2018-10-31,4,2013-10-31,2018-10-31,1260,-3476.3346952927195,True,2,defensive_risk_off,1.0,2,defensive_risk_off,0.9770070717953516,,3.042784397328178e-51,6.753952458185924e-68,1.0,7.016971458825144e-29,9.243283439661986e-31,0.00766431044417146,0.9770070717953516,0.015328617760476912
2018-11-30,4,2013-12-02,2018-11-30,1260,-3152.8473494006885,True,2,defensive_risk_off,0.999999999998181,2,defensive_risk_off,0.9722785198957055,,9.796678872028684e-118,2.0274851053417893e-12,0.999999999998181,1.3493465425382306e-63,0.011088463737349856,0.016633016367124456,0.9722785198957055,2.8726307973368015e-14
2018-12-31,4,2013-12-31,2018-12-31,1259,-2264.6794181244836,True,2,defensive_risk_off,1.0,2,defensive_risk_off,0.9848477797272868,,6.345913317702818e-289,6.67371680559313e-294,1.0,4.643932536324615e-161,3.9869544022844e-163,0.0037881436202860594,0.9848477797272868,0.011364076652427285
2019-01-31,4,2014-01-31,2019-01-31,1259,-2197.5749079474463,True,0,inflation_rates_shock,0.9999998293847202,0,inflation_rates_shock,0.9760093850576564,,0.9999998293847202,5.30749612105931e-175,1.7061535646685972e-07,1.4855721089691383e-65,0.9760093850576564,2.5346725842129978e-67,0.005997668306427326,0.017992946635992907
2019-02-28,4,2014-02-28,2019-02-28,1259,-2535.526387138477,True,2,recovery_or_normalization,1.0,2,recovery_or_normalization,0.9823724784854782,,8.260845769747382e-52,4.77138939097424e-21,1.0,1.7294110706592663e-127,0.004406852899212527,0.013220668615309409,0.9823724784854782,4.968438774413275e-23
2019-03-29,4,2014-03-31,2019-03-29,1259,-2733.8161447226016,True,3,recovery_or_normalization,1.0,3,recovery_or_normalization,0.9772929469481532,,7.453633654782173e-47,4.036002129033118e-14,1.98147763604289e-16,1.0,3.1856256156702365e-16,0.01703031992794447,0.005676733123942584,0.9772929469481532
2019-04-30,4,2014-04-30,2019-04-30,1259,-2868.71899186262,True,3,risk_on,0.9999999974625098,3,risk_on,0.9923882807192144,,1.0055850689397588e-26,2.5373306070645064e-09,3.9231209987592737e-22,0.9999999974625098,1.2035102249172762e-11,0.005709153199178992,0.0019025660694118832,0.9923882807192144
2019-05-31,4,2014-06-02,2019-05-31,1259,-2584.454746387631,True,1,recovery_or_normalization,0.9999999999959073,1,recovery_or_normalization,0.9778219579982127,,4.123979537706668e-12,0.9999999999959073,4.861799253185251e-15,1.92514202710218e-53,0.005544233942290111,0.9778219579982127,0.002772032297673194,0.013861775761860255
2019-06-28,4,2014-06-30,2019-06-28,1259,-2816.6055375891583,True,0,recovery_or_normalization,0.9999999999890861,0,recovery_or_normalization,0.9737113793105165,,0.9999999999890861,1.1044910206946613e-11,2.8326004214290822e-21,7.479792192254558e-27,0.9737113793105165,0.0037553637315221856,0.011266110018052661,0.011267146940039488
2019-07-31,4,2014-07-31,2019-07-31,1259,-2618.299205805168,True,2,recovery_or_normalization,0.9999156109864175,2,recovery_or_normalization,0.980297211061775,,1.6680536146519958e-06,8.272095981836195e-05,0.9999156109864175,8.258538765320962e-47,0.007850444494279312,0.007928800026507392,0.980297211061775,0.003923544417288784
2019-08-30,4,2014-09-02,2019-08-30,1259,-3140.548424414584,True,1,risk_on,1.0,1,risk_on,0.9898122184593938,,6.61407434731489e-70,1.0,1.6265349570251678e-15,3.806453409727229e-39,0.001697890452318827,0.9898122184593938,0.003395120849082161,0.0050947702392068125
2019-09-30,4,2014-09-30,2019-09-30,1259,-2054.1855219147787,True,0,inflation_rates_shock,1.0,0,inflation_rates_shock,0.9795745643907262,,1.0,1.2897337922316634e-34,6.8225813693206065e-34,2.076789429056441e-86,0.9795745643907262,0.002917655296272177,0.011672080972140517,0.005835699340861261
2019-10-31,4,2014-10-31,2019-10-31,1259,-2669.518563934617,True,0,risk_on,0.9944875245223278,0,risk_on,0.9848873761194289,,0.9944875245223278,1.1118688268968769e-18,0.005512475477707201,6.790949586868156e-74,0.9848873761194289,1.82128541788759e-05,0.013107501703943697,0.001986909322483512
2019-11-29,4,2014-12-01,2019-11-29,1259,-2439.785932797779,True,0,risk_on,0.9999999900251169,0,risk_on,0.9908573380511869,,0.9999999900251169,1.5060120540000637e-18,1.569479104413392e-25,9.974782001064846e-09,0.9908573380511869,0.0018285206181179786,9.943722269990017e-11,0.007314141231156876
2019-12-31,4,2014-12-31,2019-12-31,1259,-1933.0564462925697,True,0,risk_on,0.9997802804516811,0,risk_on,0.9876917255676003,,0.9997802804516811,0.00021971954821339436,4.469267647432119e-27,4.334140478304093e-42,0.9876917255676003,0.007476203338181491,0.00483155415156537,5.169425472365698e-07
2020-01-31,4,2015-02-02,2020-01-31,1259,-2265.4067020989482,True,1,inflation_rates_shock,0.9999835076601209,1,inflation_rates_shock,0.9705080198297774,,9.822445149403712e-08,0.9999835076601209,1.6394115399937574e-05,2.0670951020275672e-29,0.014738065330998537,0.9705080198297774,0.011806165779197467,0.0029477490599988895
2020-02-28,4,2015-03-02,2020-02-28,1259,-2052.127597511563,True,3,defensive_risk_off,1.0,3,defensive_risk_off,0.9714468641726075,,1.99938901780874e-219,2.2116967934549136e-67,1.3971442175140261e-87,1.0,3.4066508176489794e-69,0.009517845249326749,0.01903529057806574,0.9714468641726075
2020-03-31,4,2015-03-31,2020-03-31,1260,663.482163987189,True,3,defensive_risk_off,1.0,3,defensive_risk_off,1.0,,0.0,0.0,0.0,1.0,0.0,0.0,0.0,1.0
2020-04-30,4,2015-04-30,2020-04-30,1260,1248.5396988595833,True,3,inflation_rates_shock,1.0,3,inflation_rates_shock,0.9578679474987253,,9.732350848200897e-104,0.0,0.0,1.0,0.03611423716073832,0.0060178153405363935,8.858998637589883e-87,0.9578679474987253
2020-05-29,4,2015-05-29,2020-05-29,1260,553.6390034972022,True,3,inflation_rates_shock,1.0,3,inflation_rates_shock,1.0,,0.0,0.0,0.0,1.0,0.0,0.0,0.0,1.0
2020-06-30,4,2015-06-30,2020-06-30,1260,1397.7980820983964,True,3,inflation_rates_shock,1.0,3,inflation_rates_shock,0.9776587166708867,,5.498195714588352e-23,0.0,5.59252163281029e-144,1.0,0.022341283329113226,1.111283971107093e-25,5.5575055496751125e-25,0.9776587166708867
2020-07-31,4,2015-07-31,2020-07-31,1260,680.9483896706604,True,3,inflation_rates_shock,1.0,3,inflation_rates_shock,0.969479110711404,,1.7236301119360184e-42,3.0218177261716017e-25,0.0,1.0,0.022890870864247608,0.007630018424348342,5.341882508281492e-28,0.969479110711404
2020-08-31,4,2015-08-31,2020-08-31,1260,843.7463093670418,True,3,recovery_or_normalization,1.0,3,recovery_or_normalization,0.9826099646553788,,1.848541219304206e-58,4.772323595294401e-37,0.0,1.0,1.920400939019554e-39,0.01739003534462126,4.899949440977253e-61,0.9826099646553788
2020-09-30,4,2015-09-30,2020-09-30,1260,550.137026755909,True,0,recovery_or_normalization,0.9999999999994316,0,recovery_or_normalization,0.987080111163606,,0.9999999999994316,5.131351501523364e-13,2.166723437232634e-21,0.0,0.987080111163606,0.008613282398946235,0.004306606437390906,1.649477694645007e-15
2020-10-30,4,2015-10-30,2020-10-30,1260,953.0867130465925,True,3,inflation_rates_shock,1.0,3,inflation_rates_shock,0.9820466146581528,,2.7351503951766857e-100,2.401547320742511e-55,1.5365957093888865e-248,1.0,0.005127721704944622,0.010261804544987863,0.0025638590919147535,0.9820466146581528
2020-11-30,4,2015-11-30,2020-11-30,1260,-60.165652887213085,True,1,risk_on,1.0,1,risk_on,0.9935637318442039,,2.241151326959722e-40,1.0,7.671351820893123e-106,0.0,0.0064362681557960846,0.9935637318442039,6.648978785977323e-43,6.648970043691818e-43
2020-12-31,4,2015-12-31,2020-12-31,1260,198.4315670157391,True,2,inflation_rates_shock,1.0,2,inflation_rates_shock,0.9885268083364058,,1.621328636614648e-57,0.0,1.0,5.1483543144210336e-61,0.00956206718783159,1.9903948866932216e-63,0.9885268083364058,0.0019111244757627425
2021-01-29,4,2016-01-29,2021-01-29,1260,111.83830970768605,True,1,inflation_rates_shock,1.0,1,inflation_rates_shock,0.9909068814633086,,1.3610019240725445e-105,1.0,0.0,2.8895328772840725e-35,3.753276483851594e-38,0.9909068814633086,3.7532631355973575e-38,0.009093118536691308
2021-02-26,4,2016-02-26,2021-02-26,1260,981.8904334038391,True,1,inflation_rates_shock,1.0,1,inflation_rates_shock,0.9864665473333467,,2.5021546155994222e-88,1.0,0.0,3.550595705974537e-268,0.009666873552039289,0.9864665473333467,0.0019331367787975688,0.00193344233581642
2021-03-31,4,2016-03-31,2021-03-31,1260,17.345771507293794,True,0,inflation_rates_shock,1.0,0,inflation_rates_shock,0.9900465533673904,,1.0,0.0,0.0,5.0540845203601795e-68,0.9900465533673904,1.4539338064889276e-70,7.031666804386886e-71,0.00995344663260949
2021-04-30,4,2016-05-02,2021-04-30,1259,3.080306505086524,True,1,risk_on,1.0,1,risk_on,0.9927444162135808,,0.0,1.0,3.0984447537149612e-24,0.0,2.2617680692287477e-141,0.9927444162135808,0.00725558378641929,5.000191517389309e-27
2021-05-28,4,2016-05-31,2021-05-28,1259,662.9675895694809,True,0,risk_on,1.0,0,risk_on,0.9913292466928638,,1.0,3.648845794897406e-16,0.0,0.0,0.9913292466928638,0.008670753307136523,6.029416084469601e-19,9.970632866853975e-103
2021-06-30,4,2016-06-30,2021-06-30,1259,966.4355573621798,True,0,risk_on,0.9999999999998863,0,risk_on,0.9919110826423527,,0.9999999999998863,0.0,7.261278532371698e-14,0.0,0.9919110826423527,1.3136505734589876e-16,0.008088917357605998,3.48125288435475e-157
2021-07-30,4,2016-08-01,2021-07-30,1259,906.9820847569051,True,1,risk_on,1.0,1,risk_on,0.9920694144078144,,3.393860991711248e-21,1.0,0.0,0.0,0.007930585592185716,0.9920694144078144,6.159480324934035e-24,1.8564309141489648e-233
2021-08-31,4,2016-08-31,2021-08-31,1259,1278.6160331319606,True,3,risk_on,1.0,3,risk_on,0.9915814674324255,,0.0,2.3694561308446743e-17,0.0,1.0,4.0881188265112794e-83,0.008418532567574548,4.030081192883211e-20,0.9915814674324255
2021-09-30,4,2016-09-30,2021-09-30,1259,762.2427699609535,True,0,risk_on,1.0,0,risk_on,0.9919716490537583,,1.0,5.1072204537488e-19,0.0,1.5489785816850768e-116,0.9919716490537583,0.002675017599380365,7.112277998259371e-22,0.0053533333468613175
2021-10-29,4,2016-10-31,2021-10-29,1259,228.53854106417432,True,0,risk_on,1.0,0,risk_on,0.9954458938969964,,1.0,0.0,0.0,4.835263292472716e-128,0.9954458938969964,0.0,1.5934776692658375e-130,0.004554106103003545
2021-11-30,4,2016-11-30,2021-11-30,1259,1226.6640200534061,True,0,risk_on,0.9999994822448092,0,risk_on,0.9913952769217996,,0.9999994822448092,0.0,5.177551605307527e-07,0.0,0.9913952769217996,1.0937952813395385e-09,0.008604721984374895,8.836053405435222e-239
2021-12-31,4,2017-01-03,2021-12-31,1259,1014.2393416488309,True,1,recovery_or_normalization,0.9999999997717168,1,recovery_or_normalization,0.9955296646321039,,1.284487848540052e-298,0.9999999997717168,2.2826831552567084e-10,0.0,5.566354127653709e-55,0.9955296646321039,0.0029803001686098335,0.0014900351992713863
2022-01-31,4,2017-01-31,2022-01-31,1260,409.97682653517523,True,0,risk_on,1.0,0,risk_on,0.9945098927663664,,1.0,0.0,2.828694969177618e-14,0.0,0.9945098927663664,6.403727201538724e-17,0.005490107233661773,0.0
2022-02-28,4,2017-02-28,2022-02-28,1260,-139.44327075493936,True,0,risk_on,0.9999867363640338,0,risk_on,0.9876661131885723,,0.9999867363640338,0.0,1.3263635953736392e-05,0.0,0.9876661131885723,1.9365235313620636e-08,0.012333867446179935,3.0628327107427923e-233
2022-03-31,4,2017-03-31,2022-03-31,1260,176.55177348522773,True,1,risk_on,1.0,1,risk_on,0.9953504076082197,,6.230959257742874e-32,1.0,0.0,1.490343173664062e-189,0.004649592391780211,0.9953504076082197,1.3167735264013135e-34,1.3167791453510092e-34
2022-04-29,4,2017-05-01,2022-04-29,1260,-48.57403368797607,True,3,risk_on,1.0,3,risk_on,0.9971742930617534,,0.0,8.887517077602351e-19,0.0,1.0,2.250783496042601e-270,0.0028257069382464427,1.8702467064475347e-21,0.9971742930617534
2022-05-31,4,2017-05-31,2022-05-31,1260,136.72401356064813,True,3,inflation_rates_shock,1.0,3,inflation_rates_shock,0.9897223657860257,,1.349657082301194e-272,0.0,0.0,1.0,0.00881049707613806,0.0014671371378363253,0.0,0.9897223657860257
2022-06-30,4,2017-06-30,2022-06-30,1259,187.93112068722402,True,1,recovery_or_normalization,1.0,1,recovery_or_normalization,0.9844958268775085,,2.822768817701847e-255,1.0,0.0,4.6734142700599105e-31,0.00386984889214609,0.9844958268775085,0.003869848531107922,0.007764475699237377
2022-07-29,4,2017-07-31,2022-07-29,1259,90.74690908125618,True,0,recovery_or_normalization,1.0,0,recovery_or_normalization,0.9832237120729953,,1.0,1.4493598480958137e-215,5.251317405171191e-15,0.0,0.9832237120729953,0.006415478504980572,0.01036080942202946,1.051165336855171e-17
2022-08-31,4,2017-08-31,2022-08-31,1259,-398.77442919354814,True,1,inflation_rates_shock,1.0,1,inflation_rates_shock,0.9809222992607832,,1.3699644782026099e-97,1.0,0.0,2.435210308725783e-30,0.011939968796480521,0.9809222992607832,0.0023792437193729606,0.004758488223363335
2022-09-30,4,2017-10-02,2022-09-30,1259,-242.80049624415832,True,0,inflation_rates_shock,1.0,0,inflation_rates_shock,0.9802141440908144,,1.0,2.7827275595235372e-86,0.0,1.0128092432882014e-244,0.9802141440908144,0.004389686560889369,0.002194842920443444,0.013201326427852779
2022-10-31,4,2017-10-31,2022-10-31,1259,-116.43381498141545,True,1,inflation_rates_shock,1.0,1,inflation_rates_shock,0.987694750927102,,7.895705750723787e-54,1.0,0.0,6.381570338569172e-155,0.008203480636643857,0.987694750927102,4.5297865493077374e-157,0.004101768436254051
2022-11-30,4,2017-11-30,2022-11-30,1259,-245.6526314160581,True,0,inflation_rates_shock,0.9999999999999716,0,inflation_rates_shock,0.984955319645473,,0.9999999999999716,0.0,2.5350748387811334e-14,3.4340306722565995e-46,0.984955319645473,1.1634152139868266e-16,0.0037614706776547056,0.011283209676869214
2022-12-30,4,2018-01-02,2022-12-30,1259,-218.76575916971163,True,0,inflation_rates_shock,1.0,0,inflation_rates_shock,0.996063027336646,,1.0,8.671736934341952e-97,0.0,2.6949588139434375e-70,0.996063027336646,2.849144503542682e-52,1.5875605614658175e-72,0.003936972663354046
2023-01-31,4,2018-01-31,2023-01-31,1259,-240.75881674531865,True,3,inflation_rates_shock,1.0,3,inflation_rates_shock,0.991103709581444,,6.165475456001124e-33,7.401022056305666e-16,0.0,1.0,0.00444814726798625,0.004448143150570446,3.4093146270741075e-18,0.991103709581444
2023-02-28,4,2018-02-28,2023-02-28,1259,98.58488144101108,True,1,inflation_rates_shock,1.0,1,inflation_rates_shock,1.0,,6.121666693081693e-81,1.0,0.0,0.0,2.332830683032322e-57,1.0,2.2578103014299577e-83,2.6809579147903687e-210
2023-03-31,4,2018-04-02,2023-03-31,1260,-167.90185709137853,True,1,recovery_or_normalization,1.0,1,recovery_or_normalization,0.9717130827458159,,6.851372112604263e-20,1.0,0.0,5.046325579754355e-19,0.009428932440538775,0.9717130827458159,0.009428931618644082,0.009429053195001225
2023-04-28,4,2018-04-30,2023-04-28,1259,-19.911787320134966,True,1,inflation_rates_shock,0.9999995337140412,1,inflation_rates_shock,0.991535027738977,,2.6706587708586923e-37,0.9999995337140412,0.0,4.662859574962086e-07,0.005641348627579667,0.991535027738977,9.342487604612752e-40,0.002823623633442017
2023-05-31,4,2018-05-31,2023-05-31,1259,-104.81286048610295,True,0,risk_on,1.0,0,risk_on,0.9947133924025084,,1.0,0.0,7.902046201070104e-26,5.497028089755023e-29,0.9947133924025084,3.4762987555896425e-28,0.00264331419774776,0.002643293399743834
2023-06-30,4,2018-07-02,2023-06-30,1258,37.70815163809411,True,0,inflation_rates_shock,1.0,0,inflation_rates_shock,0.9903171447875696,,1.0,3.694010590890343e-70,0.0,1.3841016498007946e-50,0.9903171447875696,1.2124204718619023e-52,6.0620299373717755e-53,0.009682855212430475
2023-07-31,4,2018-07-31,2023-07-31,1258,56.76119610304671,True,1,risk_on,0.9999999999489759,1,risk_on,0.9959731807286255,,5.10275362454066e-11,0.9999999999489759,0.0,1.3611112048468875e-223,0.0013422935398219968,0.9959731807286255,7.672543101822108e-226,0.0026845257315560303
2023-08-31,4,2018-08-31,2023-08-31,1258,-56.648687580353965,True,1,risk_on,1.0,1,risk_on,0.9959716150573149,,4.0131357075157284e-16,1.0,5.1079815307828375e-197,0.0,0.001342797616360825,0.9959716150573149,0.002685587326324583,6.583502773381959e-157
2023-09-29,4,2018-10-01,2023-09-29,1258,-220.78500135237044,True,1,inflation_rates_shock,1.0,1,inflation_rates_shock,0.9899658679824267,,3.3714941843266166e-32,1.0,5.904043819340942e-108,0.0,0.008027362780983116,0.9899658679824267,0.0020067692365901223,1.1194088465473583e-110
2023-10-31,4,2018-10-31,2023-10-31,1258,79.36685072067385,True,1,inflation_rates_shock,1.0,1,inflation_rates_shock,0.99199479632901,,7.540985480597481e-21,1.0,1.4008553227924311e-41,0.0,0.008005203670990124,0.99199479632901,6.649052112502567e-23,3.324497411388521e-23
2023-11-30,4,2018-11-30,2023-11-30,1258,556.2702467924929,True,3,inflation_rates_shock,1.0,3,inflation_rates_shock,0.9977338718818259,,1.8533399574824737e-77,5.568035415803061e-43,0.0,1.0,6.004994025612815e-45,0.0022661281181740617,3.0024578289663205e-45,0.9977338718818259
2023-12-29,4,2018-12-31,2023-12-29,1259,292.6086639330601,True,1,recovery_or_normalization,0.999998839927391,1,recovery_or_normalization,0.9794615176621259,,1.1600725810936798e-06,0.999998839927391,0.0,1.6104976056599455e-28,0.01232371977440271,0.9794615176621259,2.73145577140019e-31,0.008214762563443525
2024-01-31,4,2019-01-31,2024-01-31,1259,828.0410685565782,True,1,inflation_rates_shock,1.0,1,inflation_rates_shock,1.0,,0.0,1.0,1.2614805371895653e-179,5.1263153878878964e-285,2.14658571575981e-182,1.0,6.994983173926055e-142,4.2932005653858125e-182
2024-02-29,4,2019-02-28,2024-02-29,1260,-118.63354378091628,True,0,risk_on,0.9999993896062465,0,risk_on,0.9959457985504641,,0.9999993896062465,6.10393747887899e-07,0.0,1.7799797207607886e-71,0.9959457985504641,0.0027030355333641756,0.0013511628165183373,3.099647813367505e-09
2024-03-28,4,2019-03-28,2024-03-28,1260,306.6514492969197,True,0,risk_on,0.9999999986708303,0,risk_on,0.9958586398624624,,0.9999999986708303,1.5869127530921217e-45,0.0,1.3291543758102377e-09,0.9958586398624624,0.0013801771008785527,1.0277235624572427e-47,0.0027611830366439417
2024-04-30,4,2019-04-30,2024-04-30,1260,487.1426227479438,True,3,inflation_rates_shock,1.0,3,inflation_rates_shock,0.9922241060748105,,0.0,3.0373217861948485e-93,4.819805653949239e-35,1.0,2.502278889414531e-37,2.5022791065247688e-37,0.0077758939251896175,0.9922241060748105
2024-05-31,4,2019-05-31,2024-05-31,1260,22.08282244350696,True,2,risk_on,1.0,2,risk_on,0.9960707601908839,,2.3584588751743342e-17,4.976863119964956e-21,1.0,0.0,0.0026195159945288727,0.0013097238145872265,0.9960707601908839,2.756389002001562e-23
2024-06-28,4,2019-06-28,2024-06-28,1259,212.536499785257,True,0,risk_on,0.9999999988252455,0,risk_on,0.9915136251505343,,0.9999999988252455,1.398393386791324e-23,0.0,1.1747537242028101e-09,0.9915136251505343,7.929396663616599e-12,1.6565357586256881e-18,0.008486374841535452
2024-07-31,4,2019-07-31,2024-07-31,1259,383.4290438429394,True,0,risk_on,0.9999999990064907,0,risk_on,0.9898056143991955,,0.9999999990064907,9.93502848215927e-10,0.0,5.00352221993778e-60,0.9898056143991955,0.0033980796858493444,1.9073312934603028e-62,0.006796305914948828
2024-08-30,4,2019-08-30,2024-08-30,1259,324.1723433169896,True,2,risk_on,0.999999797497103,2,risk_on,0.9954988748098594,,2.025029203284888e-07,4.9791295627556425e-29,0.999999797497103,0.0,0.0030008590549462973,1.1677462994789536e-09,0.9954988748098594,0.0015002649674711644
2024-09-30,4,2019-09-30,2024-09-30,1259,439.7149709538619,True,0,risk_on,0.999999795041752,0,risk_on,0.996804627445836,,0.999999795041752,4.1657448417871723e-47,2.0495823864102918e-07,0.0,0.996804627445836,1.0275873210257172e-09,0.0015978284169597455,0.0015975431096076514
2024-10-31,4,2019-10-31,2024-10-31,1259,479.00630658716375,True,3,inflation_rates_shock,0.9999994115846701,3,inflation_rates_shock,0.9865718871701524,,1.8331374764855386e-52,5.884153267446562e-07,0.0,0.9999994115846701,0.00805647525990033,0.005371636649790418,9.201538050009e-10,0.9865718871701524
2024-11-29,4,2019-11-29,2024-11-29,1259,655.8388989480144,True,0,risk_on,1.0,0,risk_on,0.9970395057379094,,1.0,1.9066295735682862e-68,5.001142758162788e-15,0.0,0.9970395057379094,4.409552731077033e-17,0.0014802500637819105,0.0014802441983135905
2024-12-31,4,2019-12-31,2024-12-31,1259,845.8057673580137,True,2,risk_on,0.9999999999879492,2,risk_on,0.9961351675260692,,0.0,1.2041897419163868e-11,0.9999999999879492,4.2574718494182664e-151,3.940882467600213e-153,0.002576604316411484,0.9961351675260692,0.0012882281575103138
2025-01-31,4,2020-01-31,2025-01-31,1258,490.93563243376934,True,1,risk_on,1.0,1,risk_on,0.9958389897363613,,1.7548215104355766e-14,1.0,2.0589501115120457e-60,0.0,0.0027740454290641815,0.9958389897363613,1.911475148408144e-16,0.0013869648345920262
2025-02-28,4,2020-02-28,2025-02-28,1258,678.9532775892358,True,1,risk_on,1.0,1,risk_on,0.9983998984457405,,3.8240201844379004e-62,1.0,5.933999204064962e-17,0.0,4.733615342205314e-19,0.9983998984457405,0.0016001015542596048,1.6418723057901083e-64
2025-03-31,4,2020-03-31,2025-03-31,1257,-140.4916414661238,True,0,risk_on,0.9999986389436682,0,risk_on,0.9935663660327599,,0.9999986389436682,0.0,1.3610495426170865e-06,6.7890670924511685e-12,0.9935663660327599,6.734277705048049e-09,0.004289802539799919,0.002143824693162363
2025-04-30,4,2020-04-30,2025-04-30,1257,-325.75746938880064,True,2,defensive_risk_off,1.0,2,defensive_risk_off,0.9922110633000093,,3.043510451315181e-261,0.0,1.0,1.0543172826053374e-179,0.005192062771106614,3.502878585896366e-270,0.9922110633000093,0.0025968739288840526
2025-05-30,4,2020-06-01,2025-05-30,1257,-1841.0252913731515,True,0,recovery_or_normalization,1.0,0,recovery_or_normalization,0.9803370956916161,,1.0,3.882102586111651e-263,1.5622295120025504e-63,1.3715168514817994e-107,0.9803370956916161,0.008426279922216303,0.008427308562152527,0.002809315824015018
2025-06-30,4,2020-06-30,2025-06-30,1256,-2332.0517416037537,True,3,recovery_or_normalization,1.0,3,recovery_or_normalization,0.9811798004581876,,9.264633923009446e-95,6.1054646171807274e-189,6.498042931523793e-77,1.0,0.00376284778019627,3.2148769360240663e-79,0.015057351761616137,0.9811798004581876
2025-07-31,4,2020-07-31,2025-07-31,1256,-2344.0023147722454,True,1,risk_on,0.9999999628189478,1,risk_on,0.9810520925662851,,3.7180546786548536e-08,0.9999999628189478,4.190181932986383e-13,7.141257444788748e-120,0.01081935755355499,0.9810520925662851,0.008128549880067889,5.584974629734173e-15
2025-08-29,4,2020-08-31,2025-08-29,1256,-1905.3874745504131,True,3,recovery_or_normalization,0.9999998333971828,3,recovery_or_normalization,0.9841619454529313,,1.6660286749003839e-07,2.031851528855063e-24,1.618697241819056e-38,0.9999998333971828,0.007918445141099887,0.007919608954428666,4.5159032996415765e-10,0.9841619454529313
2025-09-30,4,2020-09-30,2025-09-30,1256,-1810.4734823908288,True,2,risk_on,1.0,2,risk_on,0.9897157990525467,,2.911300456988804e-19,4.433323292742622e-126,1.0,7.025021493262734e-65,0.010284200947453297,1.342864485949945e-66,0.9897157990525467,2.2543974227757016e-21
2025-10-31,4,2020-11-02,2025-10-31,1256,-1905.7876850204107,True,0,risk_on,1.0,0,risk_on,0.9938421893172341,,1.0,1.6701172502628891e-19,1.0639162037741334e-42,5.9346526270890526e-58,0.9938421893172341,0.00461647858589775,0.001541332096868086,1.8231807316036682e-21
2025-11-28,4,2020-11-30,2025-11-28,1256,-1486.3125104366748,True,3,recovery_or_normalization,0.998737317678769,3,recovery_or_normalization,0.9857357764003761,,0.0012626822378298352,3.0805368374664536e-24,8.338166702167376e-11,0.998737317678769,0.011649020071005892,3.4875498313525886e-06,0.0026117159787672046,0.9857357764003761
2025-12-31,4,2020-12-31,2025-12-31,1256,-1611.075729600753,True,3,recovery_or_normalization,0.9999999779013253,3,recovery_or_normalization,0.9812227483929415,,2.2098736708131515e-08,2.1391208722851023e-21,2.9486767344773006e-46,0.9999999779013253,0.014084106200689884,0.004693145346422776,6.000777789611063e-11,0.9812227483929415
2026-01-30,4,2021-02-01,2026-01-30,1256,-1566.2965303527371,True,2,risk_on,1.0,2,risk_on,0.9921334263455817,,9.803390376825207e-32,1.73128731559487e-77,1.0,3.732122951694018e-55,0.0062933924410514125,1.2042834816378445e-56,0.9921334263455817,0.001573181213367009
2026-02-27,4,2021-03-01,2026-02-27,1256,-1611.7430507188249,True,0,risk_on,0.9999999999997726,0,risk_on,0.9886268370741716,,0.9999999999997726,2.157885718453613e-52,3.178906432337283e-13,2.0544210774015646e-77,0.9886268370741716,0.0019731260532091445,0.009400036872707495,1.9770221855940106e-15
2026-03-31,4,2021-03-31,2026-03-31,1256,-844.9980351936946,True,1,defensive_risk_off,0.9999999999930651,1,defensive_risk_off,0.9793567993995618,,1.7642955024743113e-80,0.9999999999930651,3.264149706831746e-26,6.901718011222631e-12,1.52641196125892e-14,0.9793567993995618,0.013761550446653278,0.006881650153736248
2026-04-30,4,2021-04-30,2026-04-30,1256,-1852.8106973011868,True,2,recovery_or_normalization,1.0,2,recovery_or_normalization,0.9677258976822182,,2.2592566093620996e-40,1.265119869593799e-20,1.0,5.4302947498782666e-17,3.2453320262187924e-19,0.00921533064281104,0.9677258976822182,0.02305877167497096
2026-05-21,4,2021-05-21,2026-05-21,1256,-2359.7535495399034,True,3,inflation_rates_shock,1.0,3,inflation_rates_shock,0.9676089080107577,,0.0,0.0,0.0,1.0,0.01866494994323495,0.009150761466609189,0.004575380579398126,0.9676089080107577
